"New York, NY", 40.7127281, -74.0060152
"San Francisco, CA", 37.7790262, -122.419906
"Chicago, IL", 41.8755616, -87.6244212
"Atlanta, GA", 33.7849591, -84.442163
"Seattle, WA", 47.6038321, -122.3300624
"San Diego, CA", 32.7174202, -117.1627728
"Boston, MA", 42.3602534, -71.0582912
"Dallas, TX", 32.7762719, -96.7968559
"Los Angeles, CA", 34.0536909, -118.242766
"Charlotte, NC", 35.2272086, -80.8430827
"Pittsburgh, PA", 40.4416941, -79.9900861
"Philadelphia, PA", 39.9527237, -75.1635262
"Houston, TX", 29.7589382, -95.3676974
"Minneapolis, MN", 44.9772995, -93.2654692
"St. Louis, MO", 38.6529545, -90.24111656024635
"Irvine, CA", 33.6856969, -117.8259819
"Denver, CO", 5.3428475, -72.3959849
"Phoenix, AZ", 33.4484367, -112.0741417
"Austin, TX", 30.2711286, -97.7436995
"Columbus, OH", 39.9622601, -83.0007065
"Raleigh, NC", 35.7803977, -78.6390989
"Cambridge, MA", 42.3750997, -71.1056157
"San Antonio, TX", 29.4246002, -98.4951405
"Nashville, TN", 36.2206081, -86.69563733154433
"Tampa, FL", 27.9477595, -82.458444
"Irving, TX", 32.8295183, -96.9442177
"Washington, DC", 38.8949924, -77.0365581
"Durham, NC", 35.996653, -78.9018053
"Salt Lake City, UT", 40.7596198, -111.8867975
"Cincinnati, OH", 39.1014537, -84.5124602
"Miami, FL", 25.7741728, -80.19362
"Portland, OR", 45.5202471, -122.6741949
"Plano, TX", 33.0136764, -96.6925096
"Richmond, VA", 49.1977086, -123.1912406
"Princeton, NJ", 40.3492744, -74.6592958
"Hartford, CT", 41.7655582, -72.69061276146614
"Indianapolis, IN", 39.9164009, -86.0519568269157
"Sacramento, CA", 38.5810606, -121.493895
"Detroit, MI", 42.3315509, -83.0466403
"Alpharetta, GA", 34.0709576, -84.2747329
"Boulder, CO", 5.76420625, -73.37509176653637
"Arlington, VA", 38.87924315, -77.11760150099784
"Tempe, AZ", 33.4255056, -111.9400091
"Cleveland, OH", 41.5051613, -81.6934446
"Bellevue, WA", 47.6144219, -122.192337
"San Jose, CA", 37.3361905, -121.890583
"Wilmington, DE", 39.7459468, -75.546589
"Milwaukee, WI", 43.0349931, -87.922497
"Orlando, FL", 28.5421109, -81.3790304
"Ann Arbor, MI", 42.2681569, -83.7312291
"Santa Clara, CA", 37.2333253, -121.6846349
"Lake County, IL", 42.3327033, -87.9939552
"Huntsville, AL", 34.729847, -86.5859011
"Stamford, CT", 41.072089, -73.54443614832871
"Las Vegas, NV", 36.1672559, -115.148516
"Madison, WI", 43.074761, -89.3837613
"Kansas City, MO", 39.100105, -94.5781416
"Oak Ridge, TN", 36.0103562, -84.2696449
"Fremont, CA", 37.5482697, -121.988571
"Albuquerque, NM", 35.0841034, -106.650985
"Redmond, WA", 47.6694141, -122.1238767
"Dearborn, MI", 42.3222599, -83.1763145
"Eden Prairie, MN", 44.8546856, -93.470786
"Richardson, TX", 32.9481789, -96.7297206
"Santa Monica, CA", 34.0194704, -118.4912273
"Jacksonville, FL", 30.3321838, -81.655651
"Palo Alto, CA", 37.4443293, -122.1598465
"Louisville, KY", 38.2542376, -85.759407
"Boise, ID", 43.6166163, -116.200886
"Des Moines, IA", 41.5910323, -93.6046655
"San Francisco Bay Area, CA", 37.7884969, -122.3558473
"Scottsdale, AZ", 33.4942189, -111.9260184
"Birmingham, AL", 52.4459629, -1.8237251
"Pleasanton, CA", 37.6624312, -121.8746789
"Mountain View, CA", 37.3893889, -122.0832101
"Fort Lauderdale, FL", 26.1223084, -80.1433786
"McLean, VA", 40.4631789, -88.8196613
"Draper, UT", 40.5246711, -111.8638226
"Dayton, OH", 39.7589478, -84.1916069
"Saint Petersburg, FL", 27.7703796, -82.6695085
"Carlsbad, CA", 33.1580933, -117.3505966
"United States", 39.7837304, -100.4458825
"Santa Clara Valley, CA", 37.2333253, -121.6846349
"Dublin, OH", 40.0992294, -83.1140771
"Costa Mesa, CA", 33.6633386, -117.903317
"Lehi, UT", 40.3880902, -111.8491619
"Beaverton, OR", 45.4871723, -122.80378
"Honolulu, HI", 21.304547, -157.855676
"Jersey City, NJ", 40.7215682, -74.047455
"Cary, NC", 35.7882893, -78.7812081
"Malvern, PA", 31.1393439, -85.5191005
"Colorado Springs, CO", 38.8339578, -104.8253485
"Sunnyvale, CA", 37.3688301, -122.036349
"Riverwoods, IL", 42.1676068, -87.8970986
"Broomfield, CO", 39.9203827, -105.0691464
"Rochester, MN", 44.0234387, -92.4630182
"Santa Barbara, CA", 34.4221319, -119.7026673
"Omaha, NE", 41.2587459, -95.9383758
"Oklahoma City, OK", 35.4729886, -97.5170536
"Burbank, CA", 34.1816482, -118.3258554
"Fort Worth, TX", 32.753177, -97.3327459
"El Segundo, CA", 33.917028, -118.4156337
"Hillsboro, OR", 45.5228939, -122.989827
"Overland Park, KS", 38.9742502, -94.6851702
"Columbia, SC", 34.0007493, -81.0343313
"New Orleans, LA", 29.9499323, -90.0701156
"Morrisville, NC", 35.824341, -78.8300321
"Buffalo, NY", 42.8867166, -78.8783922
"Knoxville, TN", 35.9603948, -83.9210261
"Shelton, CT", 41.31561, -73.14016262885858
"Oakland, CA", 37.8044557, -122.2713563
"Fort Washington, PA", 40.14785315, -75.18972428892617
"Memphis, TN", 35.1490215, -90.0516285
"King of Prussia, PA", 40.09476245, -75.3851333563417
"Thousand Oaks, CA", 34.17142715, -118.91058772974445
"Winston-Salem, NC", 36.0998131, -80.2440518
"Rochester, NY", 43.157285, -77.615214
"Plymouth Meeting, PA", 40.102332, -75.2743467
"Reston, VA", 38.955696, -77.34188283719988
"Northbrook, IL", 42.128704, -87.8265089
"Charleston, SC", 32.7876012, -79.9402728
"Bothell, WA", 47.7598697, -122.2068288
"Pasadena, CA", 34.1476452, -118.1444779
"Tucson, AZ", 32.2228765, -110.9748477
"Hill AFB, UT", 41.1227542, -111.977344
"Deerfield, IL", 42.1711365, -87.8445119
"Waltham, MA", 42.3756401, -71.2358004
"Chandler, AZ", 33.3061605, -111.84125
"Anchorage, AK", 61.2163129, -149.894852
"Tulsa, OK", 36.1556805, -95.9929113
"Milpitas, CA", 37.4282724, -121.9066238
"Frisco, TX", 33.1506744, -96.8236116
"New Britain, CT", 41.6796456, -72.78834682044055
"Menlo Park, CA", 37.4519671, -122.1779927
"Chesterfield, MO", 38.661953, -90.5643258
"Vista, CA", 33.2000368, -117.2425355
"Baltimore, MD", 39.2908816, -76.610759
"Newport Beach, CA", 33.6170092, -117.9294401
"Research Triangle Park, NC", 35.90569775, -78.87482418022022
"Little Rock, AR", 34.7464809, -92.2895948
"Lincoln, NE", 41.1280799, -101.1313806
"Gaithersburg, MD", 39.1434406, -77.2013705
"Collegeville, PA", 40.1856597, -75.451571
"Norfolk, VA", 52.56365215, 1.2623608080231654
"Spring House, PA", 40.1853862, -75.2276756
"Emeryville, CA", 37.8314089, -122.2865266
"Tallahassee, FL", 30.4380832, -84.2809332
"Littleton, CO", 39.613321, -105.0166498
"Saint Paul, MN", 44.9500208, -93.0949764
"Brookfield, WI", 43.0605671, -88.1064787
"San Ramon, CA", 37.7648021, -121.9544387
"Glendale, CA", 34.1469416, -118.2478471
"Southfield, MI", 42.4733689, -83.2218731
"Reno, NV", 39.5261206, -119.8126581
"Plymouth, MN", 45.0065149, -93.46651
"Greensboro, NC", 36.0726355, -79.7919754
"Titusville, NJ", 40.3095516, -74.8804428
"Livermore, CA", 37.6820583, -121.7680531
"Wichita, KS", 37.6922361, -97.3375448
"Framingham, MA", 42.3095704, -71.4413097
"Topeka, KS", 39.049011, -95.677556
"La Jolla, CA", 32.83259, -117.2716839
"Englewood, CO", 39.6482059, -104.9879641
"Louisville, CO", 38.2542376, -85.759407
"Bethesda, MD", 38.9819845, -77.12423413116392
"California", 36.7014631, -118.755997
"Spring, TX", 30.0798826, -95.4172549
"Fort Bragg, NC", 35.142277500000006, -78.99872788691951
"Franklin, WI", 42.888627, -88.0384195
"Tysons Corner, VA", 38.916509000000005, -77.22578585192836
"Markham, IL", 43.8563707, -79.3376825
"Troy, MI", 42.6055893, -83.1499304
"Basking Ridge, NJ", 40.7064088, -74.5492725
"Fort Wayne, IN", -34.9246801, -54.9546066
"Greenwood Village, CO", 39.6172101, -104.9508141
"Norwalk, CT", 41.1175966, -73.4078968
"Concord, CA", 37.9768525, -122.0335624
"Windsor, CT", 51.483757749999995, -0.6040964041849046
"Fort Gordon, GA", 33.420972, -82.1620645
"Herndon, VA", 39.909726, -100.785153
"Springfield, IL", 39.7990175, -89.6439575
"Estero, FL", 26.4381474, -81.8067537
"Chapel Hill, NC", 35.9131542, -79.05578
"Long Island City, NY", 40.7415095, -73.9569751
"College Station, TX", 30.5955289, -96.3071042
"Bakersfield, CA", 35.3738712, -119.0194639
"Fort Belvoir, VA", 38.72821225, -77.15098291295884
"London, OR", 43.6342758, -123.0909754
"Bloomington, MN", 44.8322405, -93.3204872
"Rockville, MD", 39.0840054, -77.1527573
"Manhattan, NY", 40.7896239, -73.9598939
"Kirkland, WA", 47.6859573, -122.1920249
"Glen Allen, VA", 37.316934, -90.02781236389168
"Chattanooga, TN", 35.0457219, -85.3094883
"Minnetonka, MN", 44.9405086, -93.4638936
"Clearwater, FL", 27.9658533, -82.8001026
"Syracuse, NY", 43.0481221, -76.1474244
"New Haven, CT", 41.298434349999994, -72.93102342707913
"San Mateo, CA", 37.496904, -122.3330573
"Goleta, CA", 34.4358295, -119.8276389
"Wayne, PA", 40.0440149, -75.3878616
"Woodland Hills, CA", 34.1684364, -118.6058382
"Fresno, CA", 36.7394421, -119.7848307
"Richfield, MN", 44.8766431, -93.2877877
"Boca Raton, FL", 26.3586885, -80.0830984
"Provo, UT", 40.2338438, -111.6585337
"Sioux Falls, SD", 43.5460587, -96.7313928
"Aurora, CO", 4.8208313, -75.6787447241986
"Brentwood, TN", 36.0325687, -86.7825235
"Moline, IL", 41.5067003, -90.5151342
"Orange, CA", 33.7500378, -117.8704931
"Birmingham, MI", 33.5206824, -86.8024326
"Westlake, OH", 41.4553232, -81.9179174
"North Charleston, SC", 32.9131295, -80.0629981965219
"Foster City, CA", 37.5600336, -122.2688522
"Farmington, CT", 44.6402434, -93.1435497
"Needham, MA", 31.9868295, -88.33308822099423
"Allentown, PA", 40.6022059, -75.4712794
"Bridgewater, NJ", 40.5598127, -74.5517146
"Mooresville, NC", 35.5848596, -80.8100724
"Fort Mill, SC", 35.0073697, -80.9450759
"Bloomington, IL", 40.4797828, -88.9939147
"Tonopah, AZ", 33.488907499999996, -112.93028188114938
"Scott AFB, IL", 38.541616000000005, -89.85196354520372
"Santa Ana, CA", 33.7494951, -117.8732213
"Peoria, IL", 40.6938609, -89.5891008
"Champaign, IL", 40.1164841, -88.2430932
"Redwood City, CA", 37.4863239, -122.232523
"Somerville, MA", 42.3875968, -71.0994968
"Baton Rouge, LA", 30.4459596, -91.18738
"Kansas City, KS", 39.1134562, -94.626497
"Chantilly, VA", 49.1931736, 2.4636686
"South Jordan, UT", 40.5621704, -111.929658
"Danvers, MA", 42.5750946, -70.9300507
"Brooklyn, NY", 40.6501038, -73.9495823
"Johnston, IA", 41.6731523, -93.6973395
"Providence, RI", 41.8239891, -71.4128343
"El Paso, TX", 31.7754152, -106.464634
"Billerica, MA", 42.5584264, -71.268947
"South San Francisco, CA", 37.6535403, -122.4168664
"Hopkins, MN", 44.9271194, -93.4074945
"Alexandria, VA", 31.1861094, 29.9441382
"Horsham, PA", 40.1842455, -75.13905239078957
"Annapolis Junction, MD", 39.125459649999996, -76.795323688298
"Whippany, NJ", 40.8245442, -74.4170972
"Nampa, ID", 43.589657, -116.56350942210636
"West Des Moines, IA", 41.5645337, -93.7595281
"Sagaponack, NY", 40.92921115, -72.26897043613951
"Texas", 31.8160381, -99.5120986
"Montgomery, AL", 32.379952849999995, -86.3107669425032
"Vancouver, WA", 45.6306954, -122.6744557
"Covington, KY", 39.0836224, -84.508371
"Jackson, MS", 32.2990384, -90.1847691
"Berkeley, CA", 37.8753497, -122.23963364918777
"Purchase, NY", 41.0409305, -73.7145746
"Orange County, CA", 33.7500378, -117.8704931
"Lake Forest, CA", 33.6469261, -117.6859213
"Tysons, VA", 38.916509000000005, -77.22578585192836
"Bedford, MA", 52.1363806, -0.4675041
"Cerritos, CA", 33.8644291, -118.0539323
"Bondurant, IA", 41.7005441, -93.462157
"East Lansing, MI", 42.7320307, -84.4721678
"Pasadena, TX", 29.6910625, -95.2091006
"Jefferson City, MO", 38.577359, -92.1724265
"Lexington, KY", 38.0464066, -84.4970393
"Westlake Village, CA", 34.1460234, -118.8061794
"Eagan, MN", 44.818173, -93.1659179
"Centennial, CO", 39.602187, -104.79078572071992
"Florham Park, NJ", 40.787878, -74.3882072
"Woodcliff Lake, NJ", 41.0234304, -74.0665297
"Bloomfield, CT", 40.7516884, -92.4149074
"Gilbert, AZ", 33.3527632, -111.7890373
"Walnut Creek, CA", 37.9020731, -122.0618702
"Columbia, MD", 39.1938429, -76.86460919353361
"Lithonia, GA", 33.7123305, -84.1051939
"Lakeland, FL", 28.0394654, -81.9498042
"Mason, OH", 39.3600586, -84.309939
"San Clemente, CA", 33.4270275, -117.6124179
"Trumbull, CT", 41.2428742, -73.2006687
"Lexington, MA", 38.0464066, -84.4970393
"Franklin, TN", 35.925206, -86.8689419
"Denton, TX", 33.1838787, -97.1413417
"Westlake, TX", 32.991226, -97.1943701
"West Point, PA", 34.2387103, -86.9591727
"Corning, NY", 42.1435257, -77.0543408
"Patterson, CA", 37.471623, -121.1296949
"Redlands, CA", 34.0550328, -117.1827445
"Round Rock, TX", 30.508235, -97.6788934
"Juno Beach, FL", 26.8797819, -80.0533743
"North Wales, PA", 40.2109404, -75.2782317
"Schaumburg, IL", 42.0333608, -88.083406
"Altamonte Springs, FL", 28.6619154, -81.3885899
"Groton, CT", 41.3381782, -72.02979131290436
"Sunrise, FL", 26.1666888, -80.2787573
"Wilmington, MA", 39.7459468, -75.546589
"Branchburg, NJ", 40.5688245, -74.70027388974506
"Cypress, CA", 33.8248235, -118.0399368
"Augusta, GA", 48.3689438, 10.8933327
"Twinsburg, OH", 41.3125552, -81.4401129
"Bolingbrook, IL", 41.7003302, -88.0717708
"Maplewood, MN", 44.9533351, -92.9953373
"Trenton, NJ", 40.2170575, -74.7429463
"Parsippany, NJ", 40.8578772, -74.4259866
"Richfield, OH", 41.2397772, -81.6381785
"La Grange, KY", 38.4075527, -85.3788246
"Foothill Ranch, CA", 33.6837644, -117.6622499
"Grinnell, IA", 41.7430554, -92.7224206
"Teaneck, NJ", 40.8860164, -74.0072568
"Carrboro, NC", 35.9099875, -79.0752876
"Rancho Cordova, CA", 38.5890723, -121.302728
"Cottonwood Heights, UT", 40.6196702, -111.8102104
"Eugene, OR", 44.0505054, -123.0950506
"Iowa City, IA", 41.6612561, -91.5299106
"Watertown, MA", 42.3709299, -71.1828321
"Westborough, MA", 42.2694308, -71.6129907
"Carson City, NV", 39.167717999999994, -119.72343808573555
"Norcross, GA", 33.9412127, -84.2135309
"Mayfield Village, OH", 41.541872, -81.439452
"Malibu, CA", 34.035591, -118.689423
"Springfield, MO", 37.2166779, -93.2920373
"Des Plaines, IL", 42.0415823, -87.8873916
"Mishawaka, IN", 41.6611642, -86.1807031
"Gainesville, FL", 29.6519684, -82.3249846
"Ridgefield, CT", 41.2814842, -73.4981792
"Oldsmar, FL", 28.0341847, -82.6650992
"East Hanover, NJ", 40.8200998, -74.3648731
"Columbus, IN", 42.45142865, -73.25405943744092
"Aliso Viejo, CA", 33.5761376, -117.7258122
"Lake Forest, IL", 42.2586342, -87.840625
"Ewing, NJ", 40.2688105, -74.8006895
"Newtown Square, PA", 39.9868117, -75.4007633
"West Sacramento, CA", 38.5804609, -121.530234
"West Chester, PA", 39.9597213, -75.6059638
"Wright-Patterson AFB, OH", 39.8071, -84.0697
"Livonia, MI", 42.36837, -83.3527097
"Columbia, MO", 38.951883, -92.3337366
"Arlington, TX", 32.701938999999996, -97.10562379033699
"Westminster, CO", 39.8366528, -105.0372046
"Plainsboro, NJ", 40.3334409, -74.6004341
"Clearwater Beach, FL", 27.9774736, -82.8279313
"Newark, DE", 40.735657, -74.1723667
"Davis, CA", 38.545379, -121.7445835
"Radnor, PA", 40.0420325, -75.3535975
"Frederick, MD", 39.4142186, -77.4109269
"Playa Vista, CA", 33.9760102, -118.4181654
"Newark, CA", 37.5296593, -122.0402399
"Springfield, VA", 52.4434332, -1.8689868
"Lenexa, KS", 38.9697458, -94.7845837
"Sarasota, FL", 27.3364347, -82.5306527
"Canonsburg, PA", 40.2625702, -80.1872797
"Lawrenceville, GA", 33.9562149, -83.9879625
"Mahwah, NJ", 41.0887072, -74.1437552
"Fort Eustis, VA", 37.1259192, -76.60135221545953
"Wilmington, NC", 34.2257282, -77.9447107
"Abbott Park, IL", -21.16592065, 149.18403939164872
"Carrollton, TX", 32.9537349, -96.8902816
"Iselin, NJ", 40.569334999999995, -74.31511249016258
"Virginia Beach, VA", 36.8529841, -75.9774183
"Culver City, CA", 34.0211224, -118.396466
"North, VA", 19.3738868, 104.9233469
"Grand Rapids, MI", 42.9632405, -85.6678639
"Ashburn, VA", 41.736511, -87.7059404
"Midvale, UT", 40.6110589, -111.8999353
"Suwanee, GA", 34.0514898, -84.0712997
"Woburn, MA", 42.4792618, -71.1522766
"Raritan, NJ", 40.567181, -74.634683
"Vallejo, CA", 38.1040864, -122.2566367
"Falls Church, VA", 38.882334, -77.1710914
"Dania Beach, FL", 26.0524224, -80.143929
"Bradenton, FL", 27.4989278, -82.5748194
"Yardley, PA", 40.245664, -74.8459972
"Sacramento County, CA", 38.4732259, -121.2980707
"Minneapolis-Saint Paul, MN", 44.9227049, -93.05549217019382
"Woonsocket, RI", 42.0028761, -71.5147839
"Forest, MS", 32.3645888, -89.4742348
"Lake Mary, FL", 28.756618000000003, -81.33888382214167
"Westchester, IL", 41.8505866, -87.8820048
"Berwyn, PA", 40.0448306, -75.4388053
"Wellesley, MA", 42.3248604, -71.26028802391585
"Danville, CA", 37.8215929, -121.9999606
"Chamblee, GA", 33.8784649, -84.3010793
"Lancaster, PA", 40.03813, -76.3056686
"Melville, NY", 40.7862225, -73.40799498062145
"San Luis Obispo, CA", 35.3540209, -120.3757163
"Buffalo Grove, IL", 42.1514146, -87.959794
"Riegelwood, NC", 34.3398906, -78.2252766
"Fairport, NY", 43.0993, -77.443014
"Sanger, CA", 36.708006, -119.5559652
"Racine, WI", 42.7260523, -87.7825242
"Wyandotte, MI", 42.200409, -83.1506436
"Farmington Hills, MI", 42.4853125, -83.3771553
"Rome, NY", 43.2128473, -75.4557304
"Duluth, GA", 46.820955549999994, -92.08212710497392
"Odessa, FL", 28.183222, -82.55402792188
"Milford, MA", 41.2226155, -73.04622662165758
"Hilliard, OH", 40.033814, -83.1596108
"Miami Lakes, FL", 25.9087056, -80.3086619
"Mesquite, TX", 32.7666103, -96.599472
"Newton, MA", 30.8118989, -93.740504
"High Point, NC", 35.9556924, -80.0053176
"Olivette, MO", 38.6653297, -90.3759499
"North Little Rock, AR", 34.769536, -92.2670941
"Fort Myers, FL", 26.640628, -81.8723084
"Conshohocken, PA", 40.0792766, -75.3015714
"Lewisville, TX", 33.046233, -96.994174
"Monrovia, CA", 34.1483499, -118.0014517
"Fairborn, OH", 39.8208998, -84.0193858
"Collierville, TN", 35.042036, -89.6645266
"Peabody, MA", 42.5278731, -70.9286609
"San Carlos, CA", 37.504936, -122.2618236
"South Pekin, IL", 40.4944838, -89.6517711
"Germantown, MD", 39.1759524, -77.26029701671686
"Hoffman Estates, IL", 42.0427256, -88.0792782
"White Plains, NY", 41.0339862, -73.7629097
"Dana Point, CA", 33.4669721, -117.6981075
"Sterling, VA", 31.8151416, -101.0452671
"Austin, MN", 43.6680928, -92.9744896
"Tigard, OR", 45.4307473, -122.771933
"Tucker, GA", 33.85162905, -84.22374316732959
"Vacaville, CA", 38.3565773, -121.9877444
"Coraopolis, PA", 40.5184013, -80.1667247
"Oakdale, TN", 35.9122875, -85.4921985
"Davidson, NC", 35.4992614, -80.8485218
"Grand Prairie, TX", 32.657368000000005, -97.02846624175038
"Waukesha, WI", 43.0116784, -88.2314813
"Cranberry Township, PA", 40.7099343, -80.1060506
"Morton, IL", 37.1960735, -101.8099541
"Middleton, WI", 43.0962919, -89.5119565
"New Brunswick, NJ", 40.4862174, -74.4518173
"Dallas-Fort Worth, TX", 32.7350626, -97.357127
"Oakbrook Terrace, IL", 41.8500302, -87.9645077
"Morgantown, WV", 39.6296809, -79.9559437
"Hickam AFB, HI", 21.3217144, -157.91840676638287
"Folsom, CA", 38.6779591, -121.1760583
"Chanhassen, MN", 44.8618403, -93.5307207
"Lawrenceville, NJ", 40.300987649999996, -74.73737283395636
"Silver Spring, MD", 39.008641100000006, -77.02063116905664
"Lemont, IL", 41.6737149, -88.0016263
"Evanston, IL", 42.0447388, -87.6930459
"Camden, MO", 38.0323133, -92.7638327
"Sterling Heights, MI", 42.5803122, -83.0302033
"Rosemont, IL", 41.9941334, -87.8756737
"Auburn Hills, MI", 42.6875323, -83.2341028
"Allen Park, MI", 42.2595071, -83.2107671
"El Dorado Hills, CA", 38.67950505, -121.05936604890121
"Riverdale, MD", 38.9615103, -76.9296515
"Mounds View, MN", 45.1068949, -93.2075931
"Brisbane, CA", 37.687165, -122.402794
"Kennesaw, GA", 34.0234337, -84.6154897
"Diamond Bar, CA", 34.0286226, -117.8103367
"Northridge, CA", 34.2345615, -118.5369316
"Hinkley, CA", 34.9347025, -117.1992124
"Council, NC", 34.4210031, -78.4675067
"Coral Gables, FL", 25.72149, -80.2683838
"Ithaca, NY", 42.4396039, -76.4968019
"Grand Terrace, CA", 34.0339031, -117.3136544
"Olympia, WA", 47.0451022, -122.8950075
"Sleepy Hollow, NY", 41.0908585, -73.86807111312757
"Los Altos, CA", 37.3790629, -122.116578
"North Carolina", 35.6729639, -79.0392919
"Lonsdale, MN", 44.4802412, -93.4285587
"Dublin, CA", 37.7021521, -121.9357918
"Beachwood, OH", 41.464498, -81.508732
"Coronado, CA", 32.6915199, -117.1766947
"Adams, TN", 36.5823718, -87.0655751
"Grand Haven, MI", 43.0630734, -86.2283864
"Beverly Hills, CA", 34.0696501, -118.3963062
"Queens, NY", 40.7498243, -73.7976337
"San Leandro, CA", 37.7249296, -122.1560768
"Mayfield Heights, OH", 41.5192189, -81.457896
"Ashland, MO", 38.7744802, -92.2571304
"Jupiter, FL", 26.9342246, -80.0942087
"Sun City, CA", 33.7010223, -117.2027867
"San Bruno, CA", 37.6261715, -122.4332435
"Shreveport, LA", 32.5221828, -93.7651944
"Doral, FL", 25.8195424, -80.3553302
"Torrance, CA", 33.8358492, -118.3406288
"Franklin Lakes, NJ", 41.0167639, -74.2057012
"Woodbridge, NJ", 40.55418, -74.28600076944446
"Newport, KY", 39.0889469, -84.4919524
"Sandy Springs, GA", 33.9242688, -84.3785379
"Frankfort, KY", 38.2009055, -84.8732836
"Pearl Harbor, HI", 21.35577485, -157.99912976013587
"Beverly Hills, MI", 34.0696501, -118.3963062
"Short Hills, NJ", 40.7478786, -74.3254271
"Stanford, CA", 37.426540700000004, -122.17029258409187
"Dayton, OR", 45.2206945, -123.0761419
"Port Washington, NY", 40.8254914, -73.68128200830327
"Flower Mound, TX", 33.0283854, -97.0867203
"Caldwell, NJ", 40.8398218, -74.2765366
"Newark, NJ", 40.735657, -74.1723667
"Rosemont, CA", 45.5314955, -73.5973383
"Goodyear, AZ", 33.4353672, -112.3576005
"Burlington, MA", 44.4761601, -73.212906
"Tarrytown, NY", 41.065585999999996, -73.86732932133876
"Marlton, NJ", 39.9005585, -74.93389105589023
"Plymouth, MI", 45.0065149, -93.46651
"Royal Oak, MI", 42.4894801, -83.1446485
"Pataskala, OH", 39.9955726, -82.6742373
"Manassas, VA", 38.7272992, -77.5194787
"Los Gatos, CA", 37.226611, -121.9746797
"Gallatin, TN", 36.3883031, -86.4475898
"Middlebury, CT", 44.007273600000005, -73.16330105415423
"Spring Valley, NY", 41.1130231, -74.0437839
"Menomonee Falls, WI", 43.1790768, -88.1170784
"Brandon, TX", 32.0457094, -96.9605554
"Newtown, PA", 40.65294535, -76.34504304490187
"Highland Heights, OH", 41.551995, -81.478452
"Hollywood, CA", 34.0980031, -118.329523
"Salem, OR", 44.9391565, -123.033121
"Loveland, CO", 40.385549, -105.04436132094955
"Novi, MI", 42.48059, -83.4754913
"Maple Grove, MN", 45.0984983, -93.4419222
"Allen, TX", 33.1031744, -96.6705503
"Seguin, TX", 29.5688411, -97.9647269
"Foxborough, MA", 42.0653768, -71.2478308
"East Syracuse, NY", 43.0653446, -76.0785332
"Brooklyn Park, MN", 45.1004807, -93.3443585
"Murfreesboro, TN", 35.8460396, -86.3921096
"Beavercreek, OH", 39.7092262, -84.0632685
"Oxford, OH", 39.5103048, -84.7420519
"Rochester, MI", 44.0234387, -92.4630182
"Pomona, CA", 34.0553813, -117.7517496
"Henderson, NV", 36.0301134, -114.9826194
"Bloomington, IN", 39.1979542, -86.54119326493682
"Albany, OR", 44.6365071, -123.1059324
"Rosslyn, VA", 38.8959791, -77.0709087
"Fairfax, VA", 38.8907693, -77.3482828
"Kohler, WI", 43.7391616, -87.7817541
"Hollywood, FL", 26.0112014, -80.1494901
"Grayson, GA", 33.7261977, -96.6722657
"Lafayette, OR", 45.244964, -123.1123192195946
"Doraville, GA", 33.8981579, -84.2832564
"Sun City, FL", 27.678365, -82.4787062
"Laurel, MD", 39.1044123, -76.8669233
"Las Colinas, TX", 32.8906896, -96.9618794
"Pompano Beach, FL", 26.2378597, -80.1247667
"Hosford, FL", 30.386585, -84.7979694
"Leo-Cedarville, IN", 41.2125494, -85.0166351
"Oak Brook, IL", 41.8328085, -87.9289504
"Glenview, IL", 42.0700662, -87.8114044
"Camden, NJ", 39.9448402, -75.1198911
"Mesa, AZ", 33.4151117, -111.8314792
"Lincolnshire, IL", 53.1823034, -0.2031208542548153
"Wheatland, CA", 39.0098947, -121.4230133
"Mount Pleasant, WI", 42.7292465, -87.851473
"Cornelius, OR", 45.5198001, -123.0556202
"Huntington Beach, CA", 33.6783336, -118.0000166
"Bala-Cynwyd, PA", 40.0076125, -75.2340695
"Cantrall, IL", 39.9378273, -89.6759372
"DuPont, WA", 47.0990689, -122.6375463
"Westbury, NY", 40.7556561, -73.5876273
"Southlake, TX", 32.9412363, -97.1341783
"Belmont, CA", 37.5164926, -122.2941914
"Waleska, GA", 34.3164826, -84.5521524
"Oahu Island, HI", 21.48349555, -158.03640389298
"Salisbury, NC", 35.6709727, -80.4742261
"Madison, NJ", 40.7598227, -74.417097
"La Porte, TX", 29.6657838, -95.0193729
"Prairieville, LA", 32.5101354, -87.694453
"Harper Woods, MI", 42.4333367, -82.9238847
"Brea, CA", 33.9170444, -117.888855
"Sibley, MO", 39.1786169, -94.1932796
"Tuscaloosa, AL", 33.2095614, -87.5675258
"Holladay, UT", 40.6688363, -111.8246557
"Belfast, TN", 35.4209075, -86.7024979
"Fairburn, GA", 33.5670562, -84.5810418
"Ashland City, TN", 36.2742207, -87.0641699
"North Andover, MA", 42.6839894, -71.1127065
"Gainesville, GA", 29.656092299999997, -82.33979543992415
"Ringgold, GA", 40.7399875, -94.2547473
"Fort Meade, MD", 39.1022704, -76.74625579897895
"Monterey Park, CA", 34.051522, -118.129807
"Lebanon, OH", 39.4353373, -84.2029922
"Oakdale, MN", 44.991652, -92.96428867833518
"Hoboken, NJ", 40.7433066, -74.0323752
"Suffern, NY", 41.1151372, -74.1493948
"Ontario, CA", 50.000678, -86.000977
"Lees Summit, MO", 38.9107156, -94.3821295
"Yamhill, OR", 45.3415037, -123.1873291
"Troutdale, OR", 45.5317928, -122.391155
"Garden Valley, CA", 38.8540675, -120.8593809
"Westerville, OH", 40.126139, -82.9295287
"District Heights, MD", 38.8576128, -76.8894171
"Loudon, TN", 35.7328541, -84.3338113
"Morgan Hill, CA", 37.130408, -121.6544974
"Christmas, FL", 28.520462000000002, -80.99779866448843
"Coopersburg, PA", 40.51146, -75.3903376
"Ferndale, FL", 28.621582699999998, -81.70028443816665
"Diablo, CA", 37.842428, -121.95865511713251
"Hanover, MD", 39.1928853, -76.7241371
"Cheltenham, MD", 38.7356711, -76.8263594
"Sparks, MD", 39.5303908, -76.6458407
"Murray, UT", 40.6667841, -111.888417
"Moseley, VA", 52.4434332, -1.8689868
"Orrick, MO", 39.212785, -94.1227232
"Ambler, PA", 40.1545535, -75.2215651
"Midlothian, VA", 55.833333, -3.083333
"Erwinna, PA", 40.5006586, -75.0726713
"Miami Beach, FL", 25.7929198, -80.1353006
"Weston, MA", 51.3471927, -2.9778916
"Columbus, GA", 40.0838862, -83.0765043
"North, SC", -4.3920770000000005, 55.24396350644748
"Land O&#039; Lakes, FL", 28.2310993, -82.4583561
"Palm Beach Gardens, FL", 26.8233946, -80.1386547
"Peachtree Corners, GA", 33.9701009, -84.2215869
"Lawrence, KS", 38.9719384, -95.2359496
"Fairview Heights, IL", 38.5889386, -89.990382
"Nevada", 39.5158825, -116.8537227
"Doylestown, PA", 40.3100446, -75.1304588
"Rahway, NJ", 40.6081591, -74.2776468
"Azusa, CA", 34.1338751, -117.9056046
"Chugiak, AK", 61.3904227, -149.4817876
"Waterford, CT", 52.2339469, -7.1116219
"Anacostia, DC", 38.8625806, -76.98444095341674
"Delray Beach, FL", 26.4614625, -80.0728201
"Green Bay, WI", 44.5126379, -88.0125794
"Conway, AR", 35.2521996, -92.6888936
"Calabasas, CA", 34.1446643, -118.6440973
"Manatee County, FL", 27.5213933, -82.3801566
"Springfield, OH", 39.9234046, -83.810138
"Nanuet, NY", 41.0903087, -74.0148524
"Blountstown, FL", 30.4435293, -85.0451953
"Michigan", 43.6211955, -84.6824346
"Lackland AFB, TX", 29.3862862, -98.60090009131218
"Castle Rock, CO", 39.3723341, -104.8586643
"Lubbock, TX", 33.5635206, -101.879336
"Township of Logan, NJ", 39.794784199999995, -75.34883103965379
"Fargo, ND", 46.877229, -96.789821
"Monmouth Junction, NJ", 40.384022200000004, -74.53308403231352
"Whitehall, MI", 40.657478049999995, -75.50746464724347
"Highland Falls, NY", 41.3692605, -73.9662504
"Creedmoor, NC", 36.122741, -78.6862272
"Arden Hills, MN", 45.0761409, -93.1666945
"Mebane, NC", 36.0959715, -79.2669619
"Maitland, FL", 28.6274723, -81.3656392
"Cottontown, TN", 36.4514343, -86.53805
"Oregon", 43.9792797, -120.737257
"Lansdowne, VA", 29.79641045, 78.75147086956142
"Brewster, NY", 41.3973335, -73.6171915
"Sylmar, CA", 34.3076252, -118.4492148
"North Augusta, SC", 33.520849999999996, -81.96696923114902
"Evergreen Park, IL", 41.720136, -87.7013258
"Newberg, OR", 45.300347, -122.972751
"New Mexico", 34.5708167, -105.993007
"Wilson, NC", 35.7212689, -77.9155395
"Elizabethtown, NC", 34.6293372, -78.6052899
"Redwood Shores, CA", 37.5318804, -122.2480219
"Old Greenwich, CT", 41.022875, -73.564846
"Urbana-Champaign, IL", 40.1117174, -88.207301
"Tennessee", 35.7730076, -86.2820081
"Lavon, TX", 33.0276193, -96.4341524
"Atascosa, TX", 28.8554434, -98.5316314
"Inglewood, CA", 33.9562003, -118.353132
"Savage, MD", 39.1497389, -76.82320797320476
"Murrieta, CA", 33.577752399999994, -117.18845420205307
"Wawa, PA", 39.9017778, -75.4596424
"Edwardsville, IL", 38.8114364, -89.953157
"Mount Horeb, WI", 43.008665, -89.7384145
"Union, NJ", 40.6976019, -74.2632024
"Oviedo, FL", 28.6702526, -81.2084941
"Redan, GA", -26.62, 27.9661111
"Chapmansboro, TN", 36.3122752, -87.1413934
"Vicksburg, MS", 32.3528055, -90.8777342
"West Mifflin, PA", 40.3634026, -79.8664375
"Paramus, NJ", 40.9452911, -74.0735899
"San Rafael, CA", 37.9735346, -122.5310874
"Belmont, TX", 31.9803495, -102.0735934
"Geneva, FL", 28.737294, -81.11342048773265
"Sugar Hill, GA", 34.1064895, -84.0335197
"Prince George, VA", 53.9128645, -122.7453699
"Setauket, NY", 40.9355473, -73.1188824
"Lagunitas, CA", 38.011312, -122.7022085
"Mainland, PA", 40.2559375, -75.3601755
"Decatur, GA", 39.8454163, -88.9524151
"Dinuba, CA", 36.5432837, -119.3870656
"Riverview, FL", 27.871197, -82.3269883
"Newton Upper Falls, MA", 42.3139862, -71.2194994
"Venice, CA", 33.988334949999995, -118.46152716615018
"Little Falls, NJ", 40.8689882, -74.2082011
"Clarksville, MD", 39.2065447, -76.9429182
"South Bend, IN", 38.622348, -105.518825
"Cudahy, CA", 33.9620584, -118.1835395
"Mobile, AL", 30.6943566, -88.0430541
"Pittstown, NJ", 40.5821362, -74.9589826
"Chillum, MD", 38.965408350000004, -76.9865093324224
"Saline, MI", 39.1256186, -93.2300648
"Utah", 39.4225192, -111.714358
"Bear Valley Springs, CA", 35.1800545, -118.62884709545455
"Naval Base, VA", -32.1954475, 115.7819194
"Argyle, TX", 33.108831, -97.18012724904267
"Aiken County, SC", 33.5723191, -81.6182086
"Allendale, MI", 42.9903205, -85.95296849268018
"Buckeye, AZ", 33.3703197, -112.5837766
"Fairfield, CT", 52.2343866, -7.1110864
"Wayzata, MN", 44.970759, -93.511947
"Cherry Log, GA", 34.780362, -84.3907565
"Weston, FL", 26.1003392, -80.399513
"Golden, CO", 4.6052076, -74.14424266563407
"Southborough, MA", 42.3056501, -71.5245087
"Palm Springs, CA", 33.772179449999996, -116.49529769785079
"Matteson, IL", 41.509832, -87.739267
"Dunwoody, GA", 33.9463786, -84.3342686
"Meridian, ID", 43.6086295, -116.392326
"Egg Harbor Township, NJ", 39.3820672, -74.6171489
"Riverdale, NJ", 40.9939865, -74.3034824
"Island, KY", 37.445046, -87.1438853
"Sturtevant, WI", 42.6980749, -87.8945229
"Collinsville, OH", 39.5153327, -84.6093938
"Springfield, MA", 42.1018764, -72.5886727
"Delano, CA", 35.7688425, -119.2470536
"Webster, MA", 37.2895151, -92.8792111
"Wake County, NC", 35.7979355, -78.6118311
"Riverside, CA", 33.9533546, -117.3961623
"New Hyde Park, NY", 40.7352157, -73.6883239
"Alameda, CA", 37.6090291, -121.899142
"Coralville, IA", 41.6764044, -91.5804475
"Langley AFB, VA", 37.08751425, -76.35722238652752
"Lake Worth, FL", 26.615891, -80.0691435
"Ames, IA", 42.0267703, -93.6170554
"Highland, CA", 34.11213, -117.1807973
"The Woodlands, TX", 30.1734194, -95.504686
"North Reading, MA", 42.5750939, -71.0786653
"Normal, IL", 40.5117699, -88.9944815
"Kettering, OH", 39.6895036, -84.1688274
"Spokane, WA", 47.6571934, -117.4235106
"Upton, NY", 40.869543, -72.8867697
"Columbus, NY", 42.6839611, -75.3726723
"Hampton Roads, VA", 36.9507552, -76.41141865690076
"Lake Elsinore, CA", 33.6680772, -117.3272615
"Belding, MI", 43.09781, -85.228906
"New Braunfels, TX", 29.7028266, -98.1257348
"Red Wing, MN", 44.5624676, -92.5338013
"Hammond, IN", 41.6569287, -87.508936
"Lebanon, TN", 36.2079779, -86.2910945
"Tracy, CA", 37.718829, -121.43437985945519
"Evergreen, CO", 31.4334994, -86.9569176
"Manchester, NH", 42.9956397, -71.4547891
"Offutt AFB, NE", 41.1173841, -95.9082652384935
"Crescent, PA", -33.8109103, 150.9958204
"West Bend, WI", 43.4252776, -88.1834277
"Cheshire, CT", 53.2815249, -3.057566
"Warrendale, PA", 40.6534001, -80.079503
"Encino, CA", 34.1591324, -118.5016166
"Venus, TX", 32.4334742, -97.1025077
"Kalamazoo, MI", 42.291707, -85.5872286
"Tustin, CA", 33.7458511, -117.826166
"Penryn, CA", 38.8521217, -121.1693926
"Lodi, CA", 38.1301968, -121.2724473
"Blue Springs, MO", 39.017316, -94.282265
"Sonoma, CA", 38.5110803, -122.8473388
"Marysville, CA", 39.1457247, -121.5913516
"Hartsburg, MO", 38.6950335, -92.3087977
"Armonk, NY", 41.1330485, -73.71262371614495
"Reading, PA", 40.335345, -75.9279495
"Rohnert Park, CA", 38.3396367, -122.7010984
"Modesto, CA", 37.6390972, -120.9968782
"Jackson, MI", 32.2990384, -90.1847691
"Wilsonville, OR", 45.3099218, -122.7681602
"Schertz, TX", 29.5641617, -98.2695702
"Cheyenne, WY", 41.139981, -104.820246
"Renton, WA", 47.4799078, -122.2034496
"Loma Linda, CA", 34.075626, -117.25204775
"Dalton, GA", 46.173849, -95.915609
"Verona, WI", 42.9905492, -89.5335575
"Lafayette, CA", 37.8857582, -122.1180201
"Bowie, MD", 38.9424464, -76.7301718
"Nichols, FL", 27.8903038, -82.031474
"Saint Charles, MO", 38.7877791, -90.6747372
"Walnut Grove, MS", 32.5904165, -89.4584016
"Tukwila, WA", 47.4627356, -122.2559156
"Josephine, TX", 33.0612291, -96.3072028
"Keyport, WA", 47.69893755, -122.61886639867217
"Franklin, MA", 33.16011905, -95.21652077002003
"Tamarac, FL", 26.2128609, -80.2497707
"Clayton, MO", 38.6504352, -90.3362473
"Stewartville, MN", 43.8554243, -92.4883221
"Dawsonville, GA", 34.4212053, -84.1190804
"Fredericksburg, VA", 38.3031837, -77.4605399
"Buellton, CA", 34.6134727, -120.1936692
"Newtown, CT", 53.3761145, -6.6106506
"Belmont, MI", 37.5164926, -122.2941914
"Liverpool, NY", 43.106456, -76.217705
"Corcoran, CA", 36.098007, -119.5604015
"Trabuco Canyon, CA", 33.6626232, -117.58938
"Irwindale, CA", 34.1069927, -117.9342148
"Roswell, GA", 33.291875, -104.5384589
"Groveport, OH", 39.8522449, -82.8868636
"Addison, TX", 32.960477850000004, -96.8300673063398
"Vauxhall, NJ", 40.586988, -74.351242
"Glassboro, NJ", 39.7027677, -75.1119434
"Fort Benning, GA", 32.3523691, -84.9688191
"North Palm Beach, FL", 26.8237944, -80.05592659756701
"La Mirada, CA", 33.9060971, -118.0107092
"Beverly Shores, IN", 41.6925381, -86.9775319
"Corvallis, OR", 44.5645659, -123.2620435
"Solon, OH", 41.3897764, -81.4412259
"Pennington, NJ", 40.3284403, -74.790718
"Hicksville, NY", 40.7684331, -73.5251253
"Forest Park, GA", 41.8794758, -87.81367
"West Palm Beach, FL", 26.715364, -80.0532942
"Hudson, MA", 42.7654433, -71.4397167
"Midland Park, NJ", 40.9893112, -74.1401008
"New York State", 43.1561681, -75.8449946
"Hayward, CA", 37.6688205, -122.080796
"Colonial Heights, VA", 37.2555718, -77.4112016
"Warren, MI", 38.7535106, -91.1453948
"Florida", 27.7567667, -81.4639835
"Blue Bell, PA", 40.152331, -75.266289
"Yorktown Heights, NY", 41.2695965, -73.77527040089426
"Adairville, KY", 36.6675425, -86.8519417
"Smyrna, GA", 36.0055443, -86.5124337
"Bend, OR", 44.0581728, -121.3153096
"Charles City, VA", 43.0663613, -92.6724112
"New Castle, DE", 39.6620572, -75.5663132
"Kasson, MN", 44.0297055, -92.7503451
"Marlborough, MA", 42.3459271, -71.5522874
"Depew, NY", 42.9022047, -78.6956723
"Coppell, TX", 32.9552598, -97.0155703
"Dahlgren, VA", 38.1981041, -88.6845019
"Kelly, NC", 34.459911500000004, -78.30560461576387
"West, TX", 31.8034812, -97.0933471
"Adelphi, MD", 39.002575, -76.97273665457263
"Hercules, CA", 38.0171441, -122.2885808
"Hunt Valley, MD", 39.4922608, -76.6589528
"Camas, WA", 45.5911103, -122.4122248
"Currie, NC", 34.4626671, -78.1011055
"East Peoria, IL", 40.666149, -89.5800978
"Park Ridge, IL", 42.0112329, -87.8406031
"Union Pier, MI", 41.8280974, -86.6925251
"Pelham, NY", 40.9098215, -73.8079111
"Ocoee, TN", 35.1222972, -84.7188272
"Union City, CA", 37.5963232, -122.0816297
"Opportunity, WA", 47.6571257, -117.2397875
"Geronimo, TX", 29.6630045, -97.9669494
"French Camp, CA", 37.876290999999995, -121.2717439299314
"Battle Creek, MI", 42.3192548, -85.1824269
"North Olmsted, OH", 41.4156025, -81.9234726
"Montgomery County, PA", 40.2154361, -75.3702305
"Manquin, VA", 37.7093564, -77.1535928
"Rayville, MO", 39.348342, -94.0629983
"Fair Oaks Ranch, TX", 29.7457771, -98.6433561
"Orangeburg, SC", 33.4918203, -80.8556476
"Bedford, TX", 32.844017, -97.1430671
"Coral Springs, FL", 26.271192, -80.2706044
"Rolling Meadows, IL", 42.0841936, -88.0131275
"Niota, TN", 35.5134072, -84.5452097
"Langhorne, PA", 40.1745538, -74.9226665
"Milford, OH", 39.174625, -84.2958988
"Smithfield, VA", 35.5085531, -78.33936
"East Hartford, CT", 41.7823216, -72.6120346
"American Fork, UT", 40.3768954, -111.7957645
"Greeley, CO", 40.4233142, -104.7091322
"Perris, CA", 33.7825194, -117.2286478
"Williamsville, NY", 42.9637836, -78.7377258
"Akron, OH", 41.083064, -81.518485
"Marana, AZ", 32.4446988, -111.2157091
"New Kensington, PA", 40.5697893, -79.7647705
"Napoleon, MO", 39.131397, -94.0707787
"Apollo Beach, FL", 27.7729445, -82.39813752699379
"North Billerica, MA", 42.5834258, -71.2845035
"Top, PA", 40.7100646, -79.4455982
"Middletown, CT", 41.54961415, -72.65157756750801
"Scotch Plains, NJ", 40.65538, -74.3898732
"Lorton, VA", 38.700202000000004, -77.23953597604464
"Auburn, WA", 47.3075369, -122.2301808
"Long Island, NY", 40.85149705, -73.0994258107431
"Quincy, MA", 42.2509914, -71.0037374
"La Crescenta, CA", 34.230429, -118.2350733
"Chula Vista, CA", 32.6400541, -117.0841955
"Montclair, NJ", 40.8164458, -74.2210643
"Shoreview, MN", 45.0722056, -93.1282878
"Rockville, VA", 39.0840054, -77.1527573
"Conyers, GA", 33.6676103, -84.0176904
"Roseville, CA", 38.7521235, -121.2880059
"Tewksbury, MA", 42.6106479, -71.2342248
"Pembroke Pines, FL", 26.0031465, -80.223937
"Sonora, CA", 37.9840911, -120.3821381
"Swedesboro, NJ", 39.7476136, -75.3104654
"Orrville, OH", 40.8436664, -81.7640212
"Castle Rock, MN", 44.5438543, -93.1524381
"Vernon, CA", 34.007135, -118.22525
"Merced, CA", 37.1641544, -120.7678602
"Crosbyton, TX", 33.6600847, -101.2379276
"Martell, CA", 38.3668572, -120.7960468
"Chelmsford, MA", 42.5998139, -71.3672838
"Bynum, NC", 35.7740346, -79.1422354
"Pontiac, MI", 42.6389216, -83.2910468
"Vineburg, CA", 38.2724151, -122.4385905
"Minor Hill, TN", 35.0555363, -87.1578671
"McKinney, TX", 33.1976496, -96.6154471
"Era, TX", 33.495212, -97.2880464
"Ventura, CA", 34.4458248, -119.0779359
"Lake Oswego, OR", 45.4206749, -122.6706498
"Natick, MA", 42.2836393, -71.346996
"Cherry Hill, DE", 39.9348351, -75.0307264
"Cumming, GA", 41.4833235, -93.7624442
"El Verano, CA", 38.297128, -122.49196426515151
"Timonium, MD", 39.4475075, -76.5974223220619
"Lisle, IL", 45.2787444, 0.5481384
"Park Ridge, NJ", 41.0375969, -74.0406956
"Elyria, OH", 41.3673191, -82.1073583
"Goodspring, TN", 35.1434145, -87.1013997
"Fort Shafter, HI", 21.346611199999998, -157.88369761471682
"Downers Grove, IL", 41.7936822, -88.0102281
"Montgomery City, MO", 38.9775406, -91.5048844
"Tualatin, OR", 45.3838546, -122.7663518
"Horseheads, NY", 42.167019, -76.8205119
"Township of Hopewell, NJ", 40.3500375, -74.79073717565618
"Gwinnett County, GA", 33.9566869, -84.0227467
"Ypsilanti, MI", 42.2410562, -83.613055
"Holland, MI", 42.7876022, -86.1090828
"Dulles, VA", 29.456179, -98.663407
"Thayer, IL", 39.5381087, -89.7631533
"Melbourne, FL", 28.106471, -80.6371513
"Antioch, CA", 38.0049214, -121.805789
"Cedar Rapids, IA", 41.9758872, -91.6704053
"Oradell, NJ", 40.9543943, -74.0308504
"New Canaan, CT", 41.146763, -73.4948446
"Roy, UT", 41.1617999, -112.0261903
"Mossville, IL", 41.2720264, -76.279102
"Olathe, KS", 38.8838856, -94.81887
"Greenbelt, MD", 38.9937333, -76.883065797021
"Kennedy Township, PA", 40.4764251, -80.1015002
"Surprise, AZ", 33.6292271, -112.3680189
"Yalaha, FL", 28.7474155, -81.81177567981231
"Bloomfield, NJ", 40.806767, -74.1854226
"Whitman, MA", 42.0806617, -70.935599
"Smyrna, TN", 35.9828413, -86.5186045
"Ridgeland, MS", 32.4284761, -90.1323087
"Fort George G Meade, MD", 39.1022704, -76.74625579897895
"Santa Maria, CA", 34.9531295, -120.4358577
"San Fernando, CA", 34.28497, -118.437652
"Delafield, WI", 43.0610275, -88.4040692
"Edina, MN", 44.8897027, -93.3501222
"Hampton, VA", 37.0300969, -76.3452057
"Linthicum, MD", 39.210579749999994, -76.66257353664076
"Frontenac, MO", 38.6358442, -90.4149786
"Plantation, FL", 26.1275862, -80.2331036
"Telogia, FL", 30.3507524, -84.8190802
"Meriden, CT", 41.5378215, -72.80033880043175
"Franklinton, NC", 36.1018163, -78.4580543
"Riceville, TN", 35.3847951, -84.6929945
"Nyack, NY", 41.091121, -73.9196794
"Charlestown, MA", 42.3778749, -71.0619957
"Winthrop, MA", 42.3750976, -70.982827
"Larkspur, CA", 37.9340915, -122.5352539
"Dolton, IL", 41.6389236, -87.607268
"Napa, CA", 38.2971367, -122.2855293
"Ridgefield Park, NJ", 40.8570442, -74.0215285
"Vienna, VA", 48.2152512, 16.3812898
"Golden Valley, MN", 44.9861176, -93.3784618
"Kathleen, FL", 28.12065705, -82.02266915361635
"Urbana, IL", 40.1117174, -88.207301
"Kenner, LA", 29.9942265, -90.2417806
"Rancho Cucamonga, CA", 34.1033192, -117.5751735
"Uniontown, OH", 40.9730285, -81.40463515669745
"New Hill, NC", 35.6809856, -78.9355668
"Maryland Heights, MO", 38.7150511, -90.435999
"Emden, IL", 53.3670541, 7.2058304
"Schofield Barracks, HI", 21.4933652, -158.06518796070804
"Georgetown, TX", 30.6665525, -97.6779637977368
"Peachtree City, GA", 33.3967829, -84.5957629
"Dublin, GA", 53.4714657, -6.2417489
"Eyota, MN", 43.9887507, -92.2292396
"Hillsdale, NJ", 41.0025975, -74.0404175
"Buena Park, CA", 33.870413, -117.9962165
"Fishers, IN", 55.9775639, -3.1689368
"Anaheim, CA", 33.8340292, -117.93348585416624
"Sanborn, NY", 43.136723, -78.8847611
"Fayetteville, NC", 35.0525759, -78.878292
"Ohio", 40.2253569, -82.6881395
"North Chicago, IL", 42.325578, -87.8411818
"Euless, TX", 32.8457865, -97.0667142473263
"Bloomington, CA", 34.060665, -117.40080832546133
"Storrs, CT", 41.80564555, -72.25413294148728
"Doswell, VA", 37.8601402, -77.4641492
"Barberton, OH", 41.012833, -81.6051221
"Moraga, CA", 37.834897, -122.12883
"Laguna Hills, CA", 33.5948758, -117.6882067
"Dickerson, MD", 39.220104, -77.424153
"Township of Libertyville, IL", 42.2940165, -87.96013403905023
"Westwood, NJ", 40.9912087, -74.0326395
"Bartlesville, OK", 36.7494864, -95.9782966
"New Jersey Wildlife and Game Refuge, NJ", 40.0620591, -74.4082052
"Liverpool, IL", 53.4071991, -2.99168
"New City, NY", 41.1499825, -73.98989776091842
"San Bernardino, CA", 34.8253019, -116.0833144
"Amboy, WA", 45.899627, -122.46935769841815
"Erlanger, KY", 39.0167275, -84.6007773
"Virginia State University, VA", 37.2383399, -77.41950354459487
"Tonawanda, NY", 42.993581500000005, -78.88190435163935
"Temple Terrace, FL", 28.0352964, -82.3892596
"Sachse, TX", 32.9762327, -96.5952703
"Camp Pendleton, CA", 33.3070018, -117.47376
"Center, IN", 10.377698299999999, 76.25478123471515
"Hollister, CA", 36.8524545, -121.4016021
"Worcester, MA", 42.2625621, -71.8018877
"Lamont, MI", 42.5985957, -91.6421006
"Texas City, TX", 29.396013, -94.9175485
"Audubon, PA", 40.1278839, -75.4318532
"New Holland, PA", 40.1017643, -76.085227
"Wellington, MO", 39.1341762, -93.9827222
"Federal Way, WA", 47.313494, -122.3393103
"King William, VA", 37.687363, -77.0135874
"Spencerville, MD", 39.1142747, -76.9783097
"New Providence, NJ", 40.6984348, -74.4015405
"Old Fort, TN", 37.8486484, -122.2108432
"Fort Sam Houston, TX", 29.462353649999997, -98.43205242526918
"Shrewsbury, MA", 52.707755, -2.7540658
"Tuckerton, NJ", 39.5960075, -74.32971066252402
"Marina del Rey, CA", 33.9776848, -118.4486479
"Blauvelt, NY", 41.069631, -73.95182433174313
"Turlock, CA", 37.4946568, -120.8465941
"Lincoln, CA", 38.859829500000004, -121.34239205792437
"Grapevine, TX", 32.9337381, -97.0788754
"Washington State", 47.2868352, -120.212613
"Orlando, NY", 42.3045078, -78.7161416
"Gaston, OR", 45.4362259, -123.1392362
"Maricopa County, AZ", 33.34883, -112.49123
"Johnston, RI", 41.6731523, -93.6973395
"Durant, FL", 27.9086358, -82.1862001
"East Palo Alto, CA", 37.4688273, -122.1410751
"New Market, AL", 34.895672000000005, -86.41498977939412
"Snellville, GA", 33.857328, -84.0199108
"San Juan Capistrano, CA", 33.5016932, -117.6625509
"Dillard, OR", 43.1029282, -123.427889
"Beavercreek, OR", 45.2878369, -122.53571
"Ruskin, FL", 27.701360299999997, -82.42379802430135
"Hoover, AL", 33.4060825, -86.78985769796296
"Fairfield, OH", 39.3458953, -84.5605031
"Greenacres, FL", 26.623679, -80.1253213
"Dedham, MA", 42.2489143, -71.1755732
"Chesterfield County, VA", 37.3859982, -77.578509
"Timberlake, NC", 34.9737749, -78.9794735
"Lantana, FL", 26.5865308, -80.052166
"Bardwell, TX", 32.2690354, -96.6961027
"Saukville, WI", 43.3816691, -87.9406454
"Braintree, MA", 42.2064195, -71.005067
"Flint, MI", 43.0161693, -83.6900211
"Bridgeport, CT", 41.184722300000004, -73.18672053183846
"Lotus, CA", 38.801568, -120.9085501
"Fort Lee, NJ", 40.8509333, -73.9701382
"Bronx, NY", 40.8466508, -73.8785937
"Atlantic Beach, NY", 40.5889936, -73.7290207
"Madison, NY", 42.8978935, -75.51216723056324
"Nellis AFB, NV", 36.2448129, -115.05680757664634
"Zephyrhills, FL", 28.2336196, -82.1811947
"Jasper, GA", 52.8396188, -118.0629512
"Mandeville, LA", 49.2206407, 1.0116837
"La Vergne, TN", 36.0156178, -86.5819394
"West Granby, CT", 41.9562073, -72.8425984
"Castro Valley, CA", 37.71573685, -122.09063177147789
"Bethpage, NY", 40.7432812, -73.4838143
"Merritt Island, FL", 28.2662775, -80.66369844594115
"Secaucus, NJ", 40.7899291, -74.0566735
"Brookeville, MD", 39.1803067, -77.0584474
"Mill Neck, NY", 40.8870431, -73.5551246
"Southaven, MS", 34.9889818, -90.0125913
"Glendale, AZ", 33.5386858, -112.1859941
"Adamstown, MD", 39.3109134, -77.4752325
"Carmel, IN", 39.9545158, -86.12147145723684
"Dodgeville, WI", 42.9600059, -90.1304461
"Celebration, FL", 28.3206455, -81.5400603
"Lafayette, LA", 30.2240897, -92.0198427
"College Park, MD", 38.99203005, -76.94610290199051
"O&#039;Fallon, IL", 41.83336791541094, -71.44321954984886
"Greenvale, NY", 40.8156068, -73.6269124
"Shawnee Mission, KS", 38.99134745, -94.63274030884841
"Port Republic, MD", 38.5009561, -76.5293985
"Lynwood, CA", 33.924831, -118.2024154
"Universal City, CA", 34.1412229, -118.3581941
"Selma, CA", 36.5707838, -119.6120765
"Portsmouth, VA", 50.783656, -1.0867793
"Carefree, AZ", 33.8222611, -111.918203
"Marshall, TX", 32.5447756, -94.3661004
"Edison, NJ", 40.5382375, -74.39451734508772
"Falcon, CO", 1.1993657, -77.278358
"Annapolis, MD", 38.9786401, -76.492786
"Stovall, NC", 36.4481986, -78.5702786
"Piscataway, NJ", 40.5462553, -74.4660408
"Summit, NJ", 40.7182356, -74.3592296
"Whitehouse Station, NJ", 40.61538, -74.7704409
"Berkeley Heights, NJ", 40.6834349, -74.442653
"Loomis, CA", 38.8212889, -121.1930041
"Dubuque, IA", 42.5006217, -90.6647967
"North Collins, NY", 42.5952947, -78.9407885
"Morristown, NJ", 40.7970382, -74.4809868
"Whitestone, NY", 40.7945457, -73.8184674
"Wharton, NJ", 40.8931546, -74.5818254
"Highland, MD", 39.1791091, -76.9575634
"Indian Rocks Beach, FL", 27.891338, -82.84518880012078
"Saint Peters, PA", 40.1800972, -75.7307542
"Butler, NJ", 41.0037087, -74.3415394
"Lithia, FL", 27.8651063, -82.2268749493648
"Orange, NJ", 40.77117355, -74.23102475098881
"Marietta, GA", 33.9528472, -84.5496148
"Donald, OR", 45.2222599, -122.8413946
"Richmond, CA", 37.9357576, -122.347748
"Pico Rivera, CA", 33.9830688, -118.096735
"Tarzana, CA", 34.1688075, -118.5361198
"Albertson, NY", 40.77222865, -73.64688079266423
"Carteret, NJ", 40.5773266, -74.2282005
"El Sobrante, CA", 37.9774476, -122.2949894
"River Edge, NJ", 40.9287098, -74.0398622
"Fairfield, NJ", 40.2050878, -74.2135004
"Redondo Beach, CA", 33.8455911, -118.3886766
"Easton, MA", 40.6916081, -75.2099866
"Charlottesville, VA", 38.0360726, -78.49973472559668
"Quantico, VA", 38.5228755, -77.29018630447861
"West Lafayette, IN", 40.43624385, -86.92673255999318
"York, PA", 39.962398, -76.727392
"Kensington, MD", 39.0256717, -77.0763375
"Harmans, MD", 39.1573304, -76.6966356
"Laramie, WY", 41.311367, -105.591101
"Brinklow, MD", 39.1659403, -77.015533
"Fort Collins, CO", 40.5508527, -105.0668085
"Brentwood, MD", 38.9431727, -76.9566429
"Beltsville, MD", 39.0361205, -76.928554947974
"Savanna Place, GA", 34.0917654, -84.5696546
"Burke, VA", 48.7882181, -102.5295867
"Crapo, MD", 38.3198447, -76.1310514
"Vadnais Heights, MN", 45.0574659, -93.0738306
"Union City, NJ", 40.7795455, -74.0237512
"Glenn Dale, MD", 38.9835145, -76.79799706150979
"Capitol Heights, MD", 38.8853963, -76.9159441
"El Granada, CA", 37.513127, -122.46731582660925
"Mooresville, AL", 35.5848596, -80.8100724
"Fairfax Station, VA", 38.800859, -77.3256803
"Clinton, MD", 38.7598524, -76.89300604368651
"Edgewater, MD", 38.9358105, -76.55301414304145
"Stafford, VA", 52.8063157, -2.1163818
"Mount Rainier, MD", 38.9415, -76.9649751
"Priceville, AL", 34.5250932, -86.8947271
"Rodeo, CA", 38.0339842, -122.2676656
"Mechanicsville, VA", 41.9044574, -91.2546067
"Groveland, FL", 28.5602149, -81.8561226
"Acworth, GA", 34.0659329, -84.6768796
"Hyattsville, MD", 38.9529442, -76.9408647
"Charles City, IA", 43.0663613, -92.6724112
"Lilburn, GA", 33.8901036, -84.1429719
"Canton, GA", 10.6327697, -83.9527544
"Chaska, MN", 44.7894072, -93.6021791
"Sparks Glencoe, MD", 39.540944749999994, -76.62389138968817
"Piedmont, CA", 37.8243715, -122.231635
"Clackamas, OR", 45.4146516, -122.5532561
"Forest Hills, NY", 40.7195942, -73.8448553
"Marin City, CA", 37.868538, -122.5091404
"Aberdeen, MD", 39.5095556, -76.1641197
"Windsor Mill, MD", 39.3328839, -76.7594179
"Largo, MD", 38.8824538, -76.82857456500106
"Jonesboro, GA", 35.8428646, -90.7034522
"Woodacre, CA", 38.004312, -122.6369379863382
"Trenton, AL", 40.2170575, -74.7429463
"Marbury, MD", 38.5753971, -77.1555344
"Hutchins, TX", 32.6493, -96.7130521
"Rillito, AZ", 32.4147944, -111.1562145
"Patuxent River Estates, MD", 38.9795553, -76.6960783
"Aberdeen Proving Ground, MD", 39.469820999999996, -76.12732513280343
"Athol Springs, NY", 42.769781, -78.8664229
"Oldhams, VA", 38.0026313, -76.6688455
"Union Grove, AL", 34.402263500000004, -86.44629485301036
"Rex, GA", 29.9918981, -90.2524757
"Dunkirk, MD", 38.712250499999996, -76.67464664776816
"McDonough, GA", 40.4376858, -90.6780272
"Fort Washington, MD", 38.749292, -76.99963814188311
"Hawthorne, CA", 33.9188589, -118.3483256
"Towson, MD", 39.396459050000004, -76.61481481790992
"Saint Cloud, FL", 28.2498534, -81.2839038
"Hingham, MA", 42.2417669, -70.8897676
"Marietta, PA", 40.0573456, -76.55311563959538
"Cologne, MN", 44.771629, -93.7813523
"Manning, OR", 45.6648057, -123.1637731
"Madden, MS", 32.6790253, -89.3481218
"Linthicum Heights, MD", 39.2023383, -76.655339
"Lanham, MD", 38.965365000000006, -76.84179265424164
"Clarkston, GA", 33.8095487, -84.2396434
"Madison, AL", 37.7446652, -84.2877219
"Hopewell, VA", 37.3043154, -77.2872001
"Davidsonville, MD", 38.9228697, -76.6277374
"Endwell, NY", 42.1188265, -76.02255801314774
"Warren, OR", 45.8190032, -122.8489928
"Spring Park, MN", 44.9353256, -93.632293
"Shaker Heights, OH", 41.4739419, -81.5370671
"Henderson Hall, VA", 38.86938075, -77.07209683049693
"West Linn, OR", 45.3656761, -122.6123141
"Boring, OR", 45.4300724, -122.3740589
"Mendham, NJ", 40.7759334, -74.6007142
"Pinecliffe, CO", 39.9319312, -105.4283284
"Fairview, OR", 45.5385457, -122.4330512
"Mount Freedom, NJ", 40.8403842, -74.577517
"Cortland, NY", 42.6011813, -76.1804843
"Washington Navy Yard, DC", 38.8738081, -76.99556775352404
"Dacono, CO", 40.060888, -104.94673706030778
"South Riding, VA", 38.918018, -77.517342
"Cabin John, MD", 38.9751833, -77.1587826296193
"Abell, MD", 39.3261388, -76.611737
"Belleair Beach, FL", 27.9230767, -82.8431594
"Simpsonville, MD", 39.1867737, -76.8819189
"Zarephath, NJ", 40.5364924, -74.5746009
"Takoma Park, MD", 38.9778882, -77.0074765
"Mitchellville, MD", 38.929972500000005, -76.81537721089998
"Sun City Center, FL", 27.718086, -82.351759
"Pottersville, NJ", 40.7137119, -74.7218287
"Clifton, VA", 40.8584328, -74.1637553
"Paeonian Springs, VA", 39.1492716, -77.6191576
"Sydney, FL", 27.9633563, -82.2073118
"Colesville, MD", 39.090446, -77.00870426282283
"Chester, NJ", 40.7842667, -74.6968284
"Aspen Hill, MD", 39.09083745, -77.07704917639975
"Wesley Chapel, FL", 28.1866014, -82.36612096903323
"Manville, NJ", 40.5409367, -74.587657
"Brookside, NJ", 40.7942667, -74.5679354
"South Bound Brook, NJ", 40.5534365, -74.531544
"Brighton, CO", 50.8214626, -0.1400561
"Boulder County, CO", 40.102555, -105.3632079
"White House, TN", 36.4688705, -86.66533380000001
"Occoquan, VA", 38.6837271, -77.260261
"Ridgefield, WA", 45.8167616, -122.7433775
"Chatham, NJ", 40.7409242, -74.3836711
"Somerville, NJ", 40.5742696, -74.60988
"Maryvale, MD", 38.7976142, -76.8080257
"Heathsville, VA", 37.9176323, -76.4721741
"Peapack, NJ", 40.7087982, -74.6583872
"Liberty Corner, NJ", 40.6648238, -74.5773795
"Bernardsville, NJ", 40.7186805, -74.5692273
"Fanwood, NJ", 40.6409041, -74.3836416
"Efland, NC", 36.0812507, -79.1691812
"Oldwick, NJ", 40.6726014, -74.7473849
"Redstone Arsenal, AL", 34.62975675, -86.65358022758024
"Kirkwood, MO", 38.5800713, -90.4069177
"Parlin, NJ", 40.4620504, -74.3382037
"Montrose, NY", 41.2523162, -73.9315275
"Glen Echo, MD", 38.9692998, -77.1426965
"Mullica Hill, NJ", 39.7358605, -75.22763055416667
"New Kent, VA", 37.5178648, -76.9783631
"Foggy Bottom, DC", 38.8991136, -77.05472817041277
"Saugus, MA", 42.4648183, -71.010051
"Casselberry, FL", 28.6714702, -81.3382005
"Concord, NH", 43.207178, -71.537476
"Middlesex, NJ", 40.5734911, -74.494037
"Fort Leavenworth, KS", 39.36038775, -94.92530956365255
"Watchung, NJ", 40.6378801, -74.4509863
"Hyde Park, MA", 51.5074889, -0.16223668308067218
"Crane, IN", 35.1678323, 77.0870052
"DeSoto, TX", 32.6060798, -96.86568054679142
"Lake, MS", 32.335228, -89.3346006127473
"Lawrence, MS", 32.3251443, -89.2328394
"Dover, MA", 51.1251275, 1.3134228
"Columbia, IL", 2.8894434, -73.783892
"Newport, RI", 41.4899827, -71.3137707
"Convent Station, NJ", 40.7794692, -74.444335
"DeBary, FL", 28.8830604, -81.3088385
"Saint Paul, OR", 45.2112347, -122.9767666
"Dover, DE", 39.158168, -75.5243682
"Minnesota", 45.9896587, -94.6113288
"Sorrento, FL", 28.8074435, -81.56380980656172
"Harrisburg, PA", 40.2663107, -76.8861122
"Campbell, CA", 37.2870626, -121.9448818
"Sanford, FL", 28.8117297, -81.2680345
"Stirling, NJ", 40.6747257, -74.4933902
"Scappoose, OR", 45.7572997, -122.8743589
"Duarte, CA", 34.1394513, -117.9772873
"Gales Creek, OR", 45.5864279, -123.2141483
"Smithfield, RI", 35.5085531, -78.33936
"Chestnut Hill, MA", 42.3306529, -71.1661647
"Holliston, MA", 42.2000966, -71.4245049
"Hillsborough, NC", 36.0752297, -79.0992279
"Salt Lake County, UT", 40.6632297, -111.9103124
"Gladstone, NJ", 40.7202907, -74.6662746
"Forest Grove, OR", 45.5197452, -123.1114405
"Hermitage, TN", 36.21381235, -86.61299441381456
"Prides Crossing, MA", 42.5598175, -70.8244921
"Lyons, NJ", 40.6847817, -74.5495723
"Stone Mountain, GA", 33.8062166, -84.1457505
"Aylett, VA", 37.7859741, -77.1049728
"Pittsboro, NC", 35.7201229, -79.1771539
"Ashland, VA", 46.2062319, -90.6802594
"Bridgeton, MO", 38.7566055, -90.42352
"Haw River, NC", 36.091526, -79.3641862
"Ozona, FL", 28.0694609, -82.7756574
"West McLean, VA", 38.9320553, -77.1841468
"Annandale, VA", 45.2627428, -94.1244271
"Creve Coeur, MO", 38.6613007, -90.4423653
"Lynnville, TN", 35.3767432, -87.0061171
"Bedminster, NJ", 40.680657, -74.6454373
"Henrietta, MO", 39.2341782, -93.9354988
"Royal Palm Beach, FL", 26.7050822, -80.2279519
"Elk Grove, CA", 38.4087993, -121.3716178
"Andrew, IA", 42.1536292, -90.5923542
"Lincoln Park, NJ", 40.9242652, -74.3020933
"Centerview, MO", 38.7441778, -93.8452176
"Sandston, VA", 46.1310598, -92.8674231
"Atlantic Highlands, NJ", 40.4078865, -74.034306
"Navesink, NJ", 40.4024735, -74.04196536695171
"Township of O&#039;Fallon, IL", 39.969893, -75.03937
"Lincoln, RI", 40.8088861, -96.7077751
"Elizabethport, NJ", 40.6501031, -74.1870888
"Indian Lake Estates, FL", 27.8141828, -81.3786902
"Providence Forge, VA", 40.1801026, -75.5229634
"Wellesley Hills, MA", 42.3081168, -71.2780745
"Lanoka Harbor, NJ", 39.8667856, -74.167917
"Ada, MI", 38.8398935, -83.5051704
"Lockbourne, OH", 39.8092301, -82.972404
"Winter Springs, FL", 28.6987064, -81.3054759
"Virden, IL", 39.5008866, -89.7678747
"Leland, NC", 34.2203056, -78.0335992
"Safety Harbor, FL", 27.9908529, -82.6931553
"Illinois", 40.0796606, -89.4337288
"Owatonna, MN", 44.0839937, -93.2261076
"Dunellen, NJ", 40.5892696, -74.4718201
"Dunedin, FL", 28.0197404, -82.7717684
"Mount Holly, VA", 43.45242, -72.824936
"Washington Grove, MD", 39.1398296, -77.1752588
"Inver Grove Heights, MN", 44.8479039, -93.0428119
"Saint David, IL", 40.4933728, -90.0487284
"Loose Creek, MO", 38.5080955, -91.9573996
"Hurdle Mills, NC", 36.2731957, -79.0475115
"Bayville, NJ", 39.9092852, -74.1548614
"Dexter, MI", 43.7197096, -92.7045548
"Dodge Center, MN", 44.0280202, -92.8547287
"Mountain Lakes, NJ", 40.8948212, -74.4329314
"Lewis Center, OH", 40.1983958, -83.0101843
"Morris Plains, NJ", 40.8364845, -74.47818854051508
"Pompton Plains, NJ", 40.9681536, -74.2957043
"Paulding, OH", 41.1381051, -84.5805082
"Lane, IL", 38.4651663, -100.4776682
"Petersburg, TN", 35.3164005, -86.63681953187918
"Evensville, TN", 35.566425, -84.9533515
"Sweetwater, TN", 35.6014636, -84.4610394
"Mid Florida, FL", 30.055702500000002, -81.90363744258859
"Italy, TX", 32.1840381, -96.8847194
"Vernon Rockville, CT", 41.8522053, -72.4416871
"Palisades, NY", 41.0200545, -73.91116362244986
"Titusville, FL", 28.6122187, -80.8075538
"Newington, VA", 51.3428176, 1.4098229
"Chicago Park, CA", 43.58919945, -79.64897568250672
"Saxapahaw, NC", 35.947868, -79.32073627099352
"Norwood, NJ", 40.9981532, -73.9618039
"Chatsworth, NJ", 39.8176178, -74.5348749
"Miamisburg, OH", 39.6428362, -84.2866083
"Lytle, TX", 29.2330215, -98.797873
"Niles, MI", 41.8297694, -86.2541768
"Dunn Loring, VA", 38.896013499999995, -77.22880385687657
"Macdona, TX", 29.3254637, -98.6951852
"Dutch Flat, CA", 39.206009, -120.8377169
"Somerset, TX", 29.2263504, -98.6577985
"Saint Helena, CA", 38.5052288, -122.4700424
"Tebbetts, MO", 38.6205962, -91.9624023
"Garden City, MI", 37.9716898, -100.8726618
"Millbrae, CA", 37.598958, -122.4009419
"Carlstadt, NJ", 40.8403778, -74.0906974
"Gurley, AL", 34.7017558, -86.3758201
"Stockton, NJ", 40.407883, -74.9782238
"Linn, MO", 39.8652349, -93.1104004
"Keyport, NJ", 40.4331631, -74.1995883
"Ridgefield, NJ", 40.8342669, -74.0087505
"Cupertino, CA", 37.3228934, -122.0322895
"Meadow Vista, CA", 39.0016485, -121.03567537915235
"Riverton, UT", 40.5220027, -111.9391003
"Quinton, VA", -34.4307804, -57.7378549
"Dayton, MD", 39.2392725, -76.9866438
"Manchester, MI", 42.9956397, -71.4547891
"Sutter, CA", 38.9509675, -121.697088
"Girard, IL", 39.4464409, -89.7809301
"Daly City, CA", 37.6904826, -122.47267
"Rockledge, FL", 28.3201553, -80.736647
"Glenarm, IL", 54.9685998, -5.952345
"Croton-on-Hudson, NY", 41.2083836, -73.8901688
"Penn Valley, CA", 39.1948165, -121.19264637070282
"Newman, CA", 37.3139487, -121.0204222
"Oakville, CA", 43.447436, -79.666672
"Millis, MA", 42.1666775, -71.3585805
"Hermann, MO", 38.7042119, -91.4373845
"Mechanicsville, MD", 38.4429021, -76.7438544
"White Plains, MD", 38.3717842, -75.5457562
"Fort Lee, VA", 40.8509333, -73.9701382
"Centreville, VA", 38.84487, -77.43540260778344
"Suitland, MD", 38.848724, -76.9238625
"Kaysville, UT", 41.0349847, -111.9383931
"Beverly, MA", 42.5584284, -70.8800491
"Pluckemin, NJ", 40.6456575, -74.639048
"Atherton, CA", 37.453773, -122.2058272
"Springbrook, IA", 42.1639953, -90.4770365
"Township of Warren, NJ", 40.63065715, -74.52266308479568
"Ironia, NJ", 40.8228774, -74.6257152
"Jamestown, TN", 36.4275699, -84.9318919
"Michigan City, IN", 41.7075394, -86.8950297
"Lake Wales, FL", 27.9014133, -81.5859099
"Middletown, NJ", 40.3898188, -74.1162152
"Brookline Village, MA", 42.3325698, -71.1169495
"Stem, NC", 36.199867, -78.7222261
"Dewitt, IL", 40.1734773, -88.9003733
"Hudsonville, MI", 42.870889, -85.865235
"Charter Township of Commerce, MI", 42.9743066, -85.9206102
"Claremont, MN", 44.0441674, -92.9976958
"Oak Park, MI", 41.8878145, -87.7887615
"Wellington, FL", 26.6586779, -80.2414357
"Athens, IL", 37.9839412, 23.7283052
"Ducktown, TN", 35.0359126, -84.3827013
"Farner, TN", 35.1542448, -84.3151994
"Maryland, NY", 42.5364661, -74.8865453
"Studley, VA", 39.3530598, -100.163744
"East Lake, FL", 28.1089, -82.68774843410688
"Dublin, NC", 34.6568361, -78.726407
"Kentwood, MI", 42.8694731, -85.6447492
"Savage, MN", 44.7779041, -93.3356204
"Auburn, CA", 38.8945939, -121.0739897
"Joelton, TN", 36.3131076, -86.8652772
"Lino Lakes, MN", 45.1602442, -93.0888324
"Rome, GA", 41.7958778, 12.2419059
"Old Westbury, NY", 40.7887113, -73.5995717
"Dowagiac, MI", 41.9842123, -86.1086228
"Prairie Lea, TX", 29.7308365, -97.7540384
"Palmyra, IL", 34.5526608, 38.259261004689264
"Ardmore, TN", 34.9920293, -86.8469471
"Wewahitchka, FL", 30.1127004, -85.2004716
"Williamsburg, MO", 33.1162568, -107.2933602
"Frost, TX", 32.0801526, -96.8066612
"Madisonville, TN", 35.5197984, -84.3635338
"Auxvasse, MO", 39.0180962, -91.8971198
"Rio Medina, TX", 29.87569455, -99.33607964078428
"Belvedere Tiburon, CA", 37.8771208, -122.4616696
"Tovey, IL", 39.5889391, -89.4562045
"Adkins, TX", 29.3930129, -98.2372329
"Conklin, MI", 38.8965009, -77.5166572
"Gold Run, CA", 39.180731, -120.8557726
"Gillette, NJ", 40.6782581, -74.4680716
"Canton, IL", 32.555664, -95.8640507
"San Jose, IL", 37.3361905, -121.890583
"Rhineland, MO", 38.7175443, -91.517388
"Montgomery Village, MD", 39.176755, -77.19368923279158
"Franklin Park, IL", 41.9353084, -87.865618
"Chesterfield, VA", 38.661953, -90.5643258
"Township of Hamilton, NJ", 40.2307818, -74.7236162
"Morrison, MO", 38.6728217, -91.6362808
"Cove City, NC", 35.1873837, -77.3207917
"Arnold, MO", 38.4226711, -90.3758287
"Cleveland, MN", 44.3255219, -93.8377341
"Taylors Island, MD", 38.4576222, -76.3002242
"Delano, TN", 35.265073, -84.5532652
"Rocky Point, NC", 34.4351676, -77.8877638
"Conasauga, TN", 35.004521, -84.7293827
"Decatur, AL", 39.8454163, -88.9524151
"Bellflower, CA", 33.8825705, -118.1167679
"Wasilla, AK", 61.5824216, -149.4425638
"Lakeshore, FL", 27.8572471, -81.4125727
"Emmons, MN", 43.501899, -93.4882675
"Willard, NC", 34.690168, -77.9797079
"Delco, NC", 34.3157241, -78.2247211
"Big Lake, AK", 61.53416735, -149.93947126173936
"Ostrander, OH", 40.266172, -83.2126932
"Waterville, MN", 44.2189914, -93.56797
"Quail Valley, CA", 33.7037115, -117.24747737731151
"Glenwood, MD", 39.5153855, -76.3219032
"Melrose, MA", 42.4564323, -71.064182
"Oxford, NJ", 40.805657499999995, -74.99949695338917
"American Canyon, CA", 38.223457, -122.22704307123536
"North Chelmsford, MA", 42.6389798, -71.3828403
"Westmoreland, TN", 36.5619881, -86.2480443
"Mark Center, OH", 41.2889392, -84.6310648
"Carrollwood, FL", 28.059017599999997, -82.51339612827047
"Citrus Heights, CA", 38.7071247, -121.2810611
"Washington, MI", 38.8950368, -77.0365427
"Wixom, MI", 42.5247729, -83.5363339
"Langeloth, PA", 40.3650691, -80.4139541
"Lone Jack, MO", 38.8708419, -94.1738345
"Dutzow, MO", 38.6043625, -90.9963005
"Macungie, PA", 40.5159304, -75.5551858
"Mount Sterling, MO", 38.4650453, -91.6271103
"Easton, IL", 40.6916081, -75.2099866
"Cocoa, FL", 28.3820058, -80.7796261877344
"Benton, WI", 42.569382, -90.3809239
"San Anselmo, CA", 37.9744323, -122.5615032
"Fountain Hills, AZ", 33.6117105, -111.7173613
"Oilville, VA", 37.7278831, -82.0370701
"Conger, MN", 43.6149554, -93.5282708
"Brookline, MA", 42.3317642, -71.1211635
"Port Richey, FL", 28.2716755, -82.7195451
"Kingsville, MO", 38.7430659, -94.0699427
"Cannonsburg, MI", 43.0539677, -85.470028
"Sahuarita, AZ", 31.9575818, -110.955646
"Moorestown, NJ", 39.9670569, -74.9426677
"Munsey Park, NY", 40.7987119, -73.679852
"Luling, TX", 29.680314, -97.6473265
"Hershey, PA", 40.2854881, -76.6506001
"Columbiana, OH", 40.8886356, -80.6935916
"Grabill, IN", 40.171397, -78.515413
"River Rouge, MI", 42.2729262, -83.1352891
"West Bountiful, UT", 40.8938148, -111.9017866
"East Springfield, OH", 40.450621, -80.8603639
"JBSA Randolph, TX", 29.5290874, -98.27921963445846
"Lexington, MO", 40.7788486, -99.7414869
"Alden, MN", 43.6703382, -93.5761961
"Crab Orchard, TN", 35.908989, -84.8774013
"Blue Ridge, GA", 34.863972, -84.324087
"Martindale, TX", 29.8415233, -97.842618
"Marblehead, MA", 42.500096, -70.8578253
"Camp Lejeune, NC", 34.7378281, -77.4169253
"Otay Mesa, CA", 32.560058, -116.9361338
"Medway, MA", 51.4157386, 0.5687308512408333
"Buffalo Junction, VA", 36.6043973, -78.62983
"Newport Coast, CA", 33.5963719, -117.8268219
"Universal City, TX", 29.5480071, -98.2911235
"Mahoning, OH", 41.2589449, -81.0487057
"East Liverpool, OH", 40.6186756, -80.5772928
"Old Hickory, TN", 36.2597132, -86.6480884
"Mount Clemens, MI", 42.5972563, -82.8779754
"Milford Center, OH", 40.1786706, -83.4354782
"Upper Montclair, NJ", 40.8462107, -74.2012565
"Deer Park, CA", 43.68809, -79.3940935
"Great Neck, NY", 40.8006567, -73.7284647
"El Mirage, AZ", 33.6130338, -112.3244866
"Wheeling, WV", 40.0639616, -80.7209149
"Scarsdale, NY", 40.9880495, -73.7974133
"Loveland, OH", 39.2676804, -84.2746038
"Leming, TX", 29.0716356, -98.4856395
"Beachwood, NJ", 39.939007, -74.1929188
"Alamo, CA", 37.8560145, -121.99359432055684
"Longwood, FL", 28.7008496, -81.3465575
"Fombell, PA", 40.8095093, -80.2017277
"Canton, MI", 32.555664, -95.8640507
"Bryans Road, MD", 38.62537235, -77.08208250390275
"Trenton, OH", 39.4808905, -84.4577222
"Mount Bethel, PA", 40.9048188, -75.1115654
"Placerville, CA", 38.7296252, -120.798546
"Flat Rock, MI", 42.0964314, -83.2918744
"Cherry Hill, NJ", 39.9348351, -75.0307264
"Turtletown, TN", 35.1270224, -84.3535341
"Uhrichsville, OH", 40.3931218, -81.3464998
"Independence, MO", 39.0924792, -94.4137923
"Viera, FL", 28.243006, -80.7301522
"Benton, TN", 35.1742411, -84.6535468
"Jones Creek, GA", 28.9685817, -95.4552208
"West Chester, OH", 39.3303357, -84.408275
"Forreston, TX", 32.2558909, -96.865574
"Holiday, FL", 28.187755, -82.74160807073932
"Playa del Rey, CA", 33.9541453, -118.4388067
"Pismo Beach, CA", 33.7312058, -117.7697509
"Andrews AFB, MD", 38.8056605, -76.87740312386032
"Holy Cross, IA", 42.6005516, -90.9956855
"Atlantic City, NJ", 39.3642852, -74.4229351
"Citrus Park, FL", 28.0783497, -82.5698192
"Bonsall, CA", 33.276247999999995, -117.1996207741447
"Cross Plains, TN", 36.5486597, -86.6961102
"Kensington, OH", 40.7353372, -80.9564777
"Kenilworth, NJ", 40.6760225, -74.289262
"Northfield, NJ", 39.3703942, -74.5501546
"Jamestown, MI", 37.2104434, -76.7738928
"Centerville, UT", 40.9180005, -111.8721601
"Marne, MI", 41.4513786, -95.1113809
"Staples, TX", 29.7814808, -97.8364866
"Truesdale, MO", 38.811714, -91.1304259
"Landover Hills, MD", 38.9431668, -76.8921952
"Jenison, MI", 42.906688, -85.82012777570003
"Palo Verde, AZ", 33.3487145, -112.6774657
"Ten Mile, TN", 35.9134138, -84.0796342
"Unionville Center, OH", 40.1383939, -83.3399191
"Bloomingdale, OH", 40.3428455, -80.8181404
"Waltham, MN", 43.8216451, -92.8771918
"Grover Hill, OH", 41.0192157, -84.4766169
"Trapper Creek, AK", 62.3463115, -150.39255224945293
"Carver, MN", 44.807118, -93.7871792
"Lakeland, MI", 44.9563563, -92.7657594
"Tampa Palms, FL", 28.0861, -82.359
"Eldorado Springs, CO", 39.939326, -105.24955952265292
"Castle Hills, TX", 29.5232851, -98.5164071
"Lansing, MN", 43.7452402, -92.9701918
"Wayland, MI", 41.1477833, -91.661307
"Roselle, NJ", 40.650392499999995, -74.26088332752404
"Foresthill, CA", 39.0019935, -120.82540181422367
"Howard Beach, NY", 40.6578815, -73.8362459
"Chester, VA", 53.1942164, -2.8932097
"Ace, TX", 30.5363152, -94.8243744
"Represa, CA", 33.070976, -117.254784
"Odin, IL", 43.8663451, -94.7427574
"Damascus, OH", 40.9020031, -80.9550891
"Harrells, NC", 34.727551000000005, -78.20144638710032
"Wells, MN", 43.744063, -93.725614
"Shavano Park, TX", 29.5849496, -98.5525194
"Andover, CT", 45.2332985, -93.2913405
"Calumet City, IL", 41.616016, -87.5295837
"Saint Albans, MO", 47.8764525, -55.84721908336874
"Sheridan, CA", 38.9796179, -121.3755114
"Pikesville, MD", 39.385227, -76.70804563060791
"Coopersville, MI", 43.0639112, -85.9347667
"Dexter, MN", 43.7197096, -92.7045548
"Lombard, IL", 47.0783, 5.85362
"Boston, OH", 39.8881269, -81.1984426
"Saint Louis Park, MN", 44.9475726, -93.3569023
"Crystal Beach, FL", 28.0914044, -82.7798243
"South Solon, OH", 39.7378378, -83.6132549
"Farmington, MI", 44.6402434, -93.1435497
"Aliquippa, PA", 40.6102386, -80.267726
"Morrow, GA", 33.5831662, -84.3393683
"Bogota, NJ", 40.8762106, -74.0298621
"Bethpage, TN", 36.4817111, -86.3119346
"Manito, IL", 40.4258736, -89.7792762
"Westmont, IL", 41.7950525, -87.9751964
"Poolesville, MD", 39.1416591, -77.40922893829497
"Sinsinawa, WI", 42.5235323, -90.5400232
"Jericho, NY", 40.78741555, -73.54143501297992
"Severn, MD", 39.1278864, -76.6869128
"Woodlawn, MD", 39.301516, -76.745956
"Roosevelt, AZ", 33.6675484, -111.1342893
"Ladera Ranch, CA", 33.5510165, -117.6385401
"Crystal City, VA", 28.6834097, -99.8274585
"River Ranch, FL", 26.2008949, -80.09817852601626
"Ballston, VA", 38.87924315, -77.11760150099784
"East Cambridge, MA", 42.3680937, -71.0811936
"North Brunswick, NJ", 40.4862174, -74.4518173
"Flanders, NJ", 40.8456549, -74.6948843
"Balch Springs, TX", 32.7287413, -96.6227714
"Lone Tree, CO", 41.4880775, -91.425994
"Pegram, TN", 36.100615, -87.0511151
"Exton, PA", 40.02985865, -75.62897763847262
"Dania, FL", 26.0524224, -80.143929
"Deer Valley, AZ", 33.686086, -112.1185607
"Tacoma, WA", 47.2495798, -122.4398746
"Itasca, IL", 41.9751722, -88.0067509
